,代码,名称,最新价,涨跌额,涨跌幅,昨收,今开,最高,最低,成交量,成交额
0,sh000001,上证指数,3384.4546,-1.155,-0.034,3385.6095,3379.2267,3384.4546,3376.5957,28455222,39458740297
1,sh000002,Ａ股指数,3547.6436,-1.217,-0.034,3548.8608,3542.1405,3547.6436,3539.3854,28448510,39447454136
2,sh000003,Ｂ股指数,297.4166,-0.195,-0.065,297.6112,298.0685,298.0685,297.3482,4538,3196662
3,sh000004,工业指数,3108.7175,-1.455,-0.047,3110.173,3105.1766,3108.7175,3101.9599,13659028,25342048456
4,sh000005,商业指数,2698.8281,-5.935,-0.219,2704.7629,2699.1763,2699.2258,2689.7056,2744961,3180408843
5,sh000006,地产指数,6263.5765,-77.729,-1.226,6341.3054,6274.0457,6279.1147,6258.3957,936103,687619815
6,sh000007,公用指数,4833.592,-20.45,-0.421,4854.0417,4853.7635,4853.7635,4831.6986,2802273,1749387825
7,sh000008,综合指数,2759.7244,6.186,0.225,2753.5387,2746.601,2760.1633,2744.056,8312858,8499275357
8,sh000009,上证380,6059.6621,-14.246,-0.235,6073.9076,6064.5427,6064.5427,6053.2689,4872794,6905083264
9,sh000010,上证180,8817.9362,7.026,0.08,8810.9103,8784.693,8818.2743,8779.756,9428400,16180257555
10,sh000011,基金指数,6860.321,-5.872,-0.086,6866.1932,6855.7053,6861.2379,6850.0723,32377762,4712094946
11,sh000012,国债指数,200.4117,0.017,0.008,200.3948,200.4114,200.412,200.4114,700,701903
12,sh000015,红利指数,3002.51,-5.432,-0.181,3007.9418,3005.9445,3005.9445,2998.3105,1878039,1144396525
13,sh000016,上证50,2736.9934,4.019,0.147,2732.974,2724.4934,2737.3794,2722.6137,3467506,6763062952
14,sh000017,新综指,2859.551,-0.974,-0.034,2860.5253,2855.1172,2859.551,2852.8948,27048680,35964047653
15,sh000018,180金融,4511.4311,25.619,0.571,4485.812,4477.971,4512.2509,4474.1292,3288954,3463656373
16,sh000019,治理指数,1078.6186,1.471,0.137,1077.148,1075.3062,1078.7022,1074.5309,7908698,8898807185
17,sh000020,中型综指,1412.2631,-5.101,-0.36,1417.3643,1415.0719,1415.0719,1411.2987,3191172,7015506988
18,sh000021,180治理,948.7917,2.149,0.227,946.6431,945.0909,948.8999,944.4227,5811387,6615755285
19,sh000022,沪公司债,228.798,0.023,0.01,228.7753,228.7984,228.7984,228.798,1900,1871500
20,sh000025,180基建,1996.1531,-10.66,-0.531,2006.8129,1993.7845,1997.2379,1989.1301,2666328,2000988853
21,sh000026,180资源,3669.7907,5.45,0.149,3664.3403,3657.7766,3669.7907,3650.1384,1017036,1256740338
22,sh000027,180运输,891.8979,-7.204,-0.801,899.1019,899.4841,899.4841,891.2465,167030,211574300
23,sh000028,180成长,4022.1499,-10.077,-0.25,4032.2271,4007.7076,4022.9687,4005.5185,2035913,6898447599
24,sh000029,180价值,3773.6102,10.327,0.274,3763.2829,3753.4153,3773.985,3749.8051,5333381,5243620448
25,sh000030,180R成长,2469.6659,-2.687,-0.109,2472.3528,2462.1543,2469.9246,2461.1596,5163212,11898082980
26,sh000031,180R价值,2768.2752,6.22,0.225,2762.0557,2755.5963,2768.5984,2753.4422,8460680,10243255829
27,sh000032,上证能源,1922.1893,-2.595,-0.135,1924.7839,1919.9598,1922.1893,1913.6689,2494807,1422657661
28,sh000033,上证材料,2559.7963,2.072,0.081,2557.7239,2554.0606,2559.9584,2551.6025,1130959,1620674124
29,sh000034,上证工业,2617.6604,2.849,0.109,2614.8117,2611.254,2617.6604,2608.8496,2709389,3060086036
30,sh000035,上证可选,2960.603,-2.059,-0.069,2962.6619,2963.2341,2966.4923,2960.1412,536704,1102343510
31,sh000036,上证消费,14815.8793,35.485,0.24,14780.3947,14786.0338,14820.6899,14757.0918,182083,1021054859
32,sh000037,上证医药,7577.2988,-83.89,-1.095,7661.1891,7589.8445,7593.207,7549.0541,355932,1862208589
33,sh000038,上证金融,4439.3766,24.694,0.559,4414.6829,4407.0055,4440.0265,4403.1017,2525082,2794908776
34,sh000039,上证信息,4007.648,-24.097,-0.598,4031.7454,3995.14,4015.0568,3991.3718,1290939,5855275225
35,sh000040,上证电信,3809.841,-23.424,-0.611,3833.2651,3810.0215,3812.0349,3792.4059,1273104,1771174759
36,sh000041,上证公用,2310.8901,-7.79,-0.336,2318.68,2320.3523,2320.47,2310.4987,971003,505763615
37,sh000042,上证央企,1581.4023,0.34,0.022,1581.062,1577.9309,1581.685,1576.012,5072585,4506116713
38,sh000043,超大盘,2158.6532,-3.677,-0.17,2162.3298,2152.8194,2158.6826,2150.898,1914520,4388402120
39,sh000044,上证中盘,4038.112,-0.604,-0.015,4038.7163,4027.4233,4038.5196,4024.6426,5960894,9417194603
40,sh000045,上证小盘,5177.2604,-9.479,-0.183,5186.7399,5178.1804,5178.4453,5167.4989,7880066,7862662326
41,sh000046,上证中小,4572.8385,-4.346,-0.095,4577.1843,4566.8858,4572.8385,4561.9804,13840960,17279856929
42,sh000047,上证全指,3536.1137,0.271,0.008,3535.8425,3526.608,3536.1137,3523.8704,17308466,24042919881
43,sh000048,责任指数,1394.9122,3.228,0.232,1391.6846,1388.2362,1394.9401,1387.2557,3474006,5038262606
44,sh000049,上证民企,2047.5471,8.421,0.413,2039.1265,2035.1079,2047.7563,2034.1704,1465421,4941112937
45,sh000050,50等权,2167.5946,1.261,0.058,2166.3335,2158.2465,2168.036,2156.5866,3467506,6763062952
46,sh000051,180等权,8694.3966,0.69,0.008,8693.7071,8671.1461,8695.0879,8665.2191,9428400,16180257555
47,sh000052,50基本,2598.8613,3.884,0.15,2594.9773,2584.4072,2599.4684,2581.2558,3467506,6763062952
48,sh000053,180基本,10750.1607,9.638,0.09,10740.5224,10705.9794,10751.7471,10697.3299,9428400,16180257555
49,sh000054,上证海外,1247.7338,-0.274,-0.022,1248.0077,1242.3338,1247.7338,1241.0182,4630395,6163824154
50,sh000055,上证地企,1355.4276,1.494,0.11,1353.9334,1350.5385,1355.9351,1350.1428,1514179,3448550549
51,sh000056,上证国企,1147.5867,0.743,0.065,1146.8435,1144.3764,1147.7831,1143.4826,6586763,7954667262
52,sh000057,全指成长,4222.2204,-1.799,-0.043,4224.0194,4209.7803,4222.6904,4207.833,2321545,8409695363
53,sh000058,全指价值,4022.5774,7.647,0.19,4014.9304,4006.2732,4022.5774,4002.2898,8448945,7413444989
54,sh000059,全R成长,3292.6574,-2.699,-0.082,3295.3567,3285.3207,3293.0769,3283.4244,9890354,17775728767
55,sh000060,全R价值,3743.6155,3.39,0.091,3740.2256,3731.96,3743.7763,3728.3754,16017753,16779478393
56,sh000061,沪企债30,166.6536,0.013,0.008,166.6408,166.6536,166.6536,166.6536,0,0
57,sh000062,上证沪企,1822.8017,-2.238,-0.123,1825.0398,1817.055,1823.5832,1815.9685,1064740,2341611382
58,sh000063,上证周期,3012.3911,12.071,0.402,3000.3199,2995.2061,3012.8321,2991.8069,3630736,4316753021
59,sh000064,非周期,3583.3596,-4.883,-0.136,3588.2428,3573.5361,3583.8907,3571.8026,4627294,10833265105
60,sh000065,上证龙头,3479.3347,-12.349,-0.354,3491.6836,3478.031,3480.2303,3471.6558,6149151,10209111197
61,sh000066,上证商品,2765.7738,1.746,0.063,2764.028,2761.3934,2765.7738,2756.4799,1924105,2018409889
62,sh000067,上证新兴,7835.7772,-11.814,-0.151,7847.5914,7806.4047,7838.6974,7801.3515,1284873,6307651993
63,sh000068,上证资源,2907.6252,-0.699,-0.024,2908.3243,2901.4626,2907.6252,2893.6565,3130911,2441203196
64,sh000069,消费80,5833.4851,-20.548,-0.351,5854.0331,5833.9594,5839.583,5819.3517,710174,3504236534
65,sh000070,能源等权,2911.8004,-9.94,-0.34,2921.74,2913.7189,2913.7189,2901.5261,2494807,1422657661
66,sh000071,材料等权,3522.1462,-0.342,-0.01,3522.4881,3520.3505,3522.3497,3513.9161,1130959,1620674124
67,sh000072,工业等权,3355.5475,2.292,0.068,3353.2559,3347.9975,3356.236,3345.8314,2709389,3060086036
68,sh000073,可选等权,3335.2258,-7.168,-0.214,3342.3942,3342.0846,3342.7051,3334.5505,536704,1102343510
69,sh000074,消费等权,10022.3777,14.75,0.147,10007.6278,10016.8937,10026.6757,9979.5975,182083,1021054859
70,sh000075,医药等权,9109.8482,-57.767,-0.63,9167.6157,9132.7349,9132.7349,9075.7732,355932,1862208589
71,sh000076,金融等权,4186.627,24.035,0.577,4162.5924,4156.7017,4188.3541,4153.7087,2461002,2713984750
72,sh000077,信息等权,5005.9803,-30.69,-0.609,5036.6704,4998.0107,5018.5718,4988.3524,1290939,5855275225
73,sh000078,电信等权,3035.6071,-26.771,-0.874,3062.3781,3045.2154,3045.2154,3023.3321,1273104,1771174759
74,sh000079,公用等权,2332.4276,-6.666,-0.285,2339.0939,2341.0522,2341.3019,2331.7649,971003,505763615
75,sh000090,上证流通,1272.0882,-1.028,-0.081,1273.1164,1270.4192,1272.1002,1269.442,27048680,35964047653
76,sh000091,沪财中小,11224.4148,-32.478,-0.289,11256.8929,11254.4752,11254.4752,11217.7942,1476263,2154918053
77,sh000092,资源50,3663.6497,4.869,0.133,3658.7803,3652.4949,3663.6497,3646.6341,1997583,2306355635
78,sh000093,180分层,12029.7725,-12.946,-0.107,12042.7184,12009.2928,12030.3559,12000.9669,9428400,16180257555
79,sh000094,上证上游,3109.4579,1.004,0.032,3108.4543,3102.2293,3109.4579,3094.8337,2109302,2141960036
80,sh000095,上证中游,3286.0797,-2.809,-0.085,3288.8884,3278.113,3286.1157,3275.4731,4987829,8402873264
81,sh000096,上证下游,5175.9272,-13.09,-0.252,5189.0169,5171.2682,5178.645,5158.2058,3534430,8218198842
82,sh000097,高端装备,9275.0559,-16.195,-0.174,9291.2513,9262.1376,9276.7977,9253.6456,1110861,3830057754
83,sh000098,上证F200,4717.1311,0.744,0.016,4716.3869,4702.2894,4717.1929,4697.7334,10939125,12368672962
84,sh000099,上证F300,8136.6865,-12.301,-0.151,8148.9875,8142.5409,8142.5409,8123.6502,6907198,7386653168
85,sh000100,上证F500,5352.0655,-0.521,-0.01,5352.5869,5338.3883,5352.091,5333.0861,17846323,19755326130
86,sh000101,5年信用,227.2646,0.02,0.009,227.2442,227.2646,227.2646,227.2646,0,0
87,sh000102,沪投资品,6510.5848,26.483,0.408,6484.1022,6484.2948,6510.5848,6477.1123,1580510,2514191383
88,sh000103,沪消费品,11206.5373,-60.349,-0.536,11266.8867,11226.6312,11226.6312,11175.6218,463131,2584098900
89,sh000104,380能源,1663.1529,-0.624,-0.038,1663.7772,1663.675,1663.675,1656.6629,317911,288847362
90,sh000105,380材料,4688.6643,-7.34,-0.156,4696.0045,4688.0977,4691.7754,4683.3206,600569,748065138
91,sh000106,380工业,5615.7453,-10.035,-0.178,5625.7799,5626.4298,5626.4298,5610.2892,1767096,1674866970
92,sh000107,380可选,5615.2533,-10.67,-0.19,5625.9238,5616.0406,5630.5112,5610.0147,140834,376859944
93,sh000108,380消费,15868.949,34.799,0.22,15834.1502,15815.4088,15876.4805,15808.9222,121213,333565956
94,sh000109,380医药,12684.7958,-92.541,-0.724,12777.3365,12748.052,12748.052,12658.885,199431,636450726
95,sh000110,380金融,2904.2894,12.977,0.449,2891.3126,2889.8355,2904.5199,2888.5293,664432,412102540
96,sh000111,380信息,8382.9701,-29.378,-0.349,8412.348,8377.8819,8397.2702,8359.6302,388138,1246066242
97,sh000112,380电信,5488.2313,-87.581,-1.571,5575.8123,5536.2173,5536.2173,5462.1454,390676,869858998
98,sh000113,380公用,2559.8456,-5.483,-0.214,2565.3281,2568.3942,2569.2138,2558.7027,167650,148087107
99,sh000114,持续产业,1575.8242,8.02,0.512,1567.8038,1570.0055,1576.0536,1568.3366,860484,1208197794
100,sh000115,380等权,8105.2978,-23.731,-0.292,8129.0288,8118.4653,8118.8559,8098.1314,4872794,6905083264
101,sh000116,信用100,187.0977,0.012,0.006,187.0861,187.1042,187.1042,187.0977,1900,1871500
102,sh000117,380成长,4947.8877,-21.455,-0.432,4969.3428,4955.0051,4955.0051,4940.3982,1095263,2378699946
103,sh000118,380价值,8759.06,-6.609,-0.075,8765.6692,8762.4768,8762.4768,8743.6755,2627617,2049848887
104,sh000119,380R成长,4532.3146,-16.05,-0.353,4548.3645,4537.0465,4537.0465,4528.4499,2920077,5445331518
105,sh000120,380R价值,8110.2861,-10.032,-0.124,8120.3179,8115.0073,8115.0073,8098.3266,4452431,5116480459
106,sh000121,医药主题,10806.6209,-63.394,-0.583,10870.0144,10839.6048,10839.6048,10772.367,393142,1861229999
107,sh000122,农业主题,1875.7764,2.492,0.133,1873.2845,1875.8614,1877.3987,1873.9846,246638,330960241
108,sh000123,180动态,6614.5552,-5.429,-0.082,6619.9843,6587.9275,6614.844,6584.4858,3030661,7741465683
109,sh000125,180稳定,10854.152,16.493,0.152,10837.6593,10814.4723,10854.9855,10807.3558,6397739,8438791872
110,sh000126,消费50,9846.2987,9.236,0.094,9837.0627,9840.0897,9852.0073,9828.4132,384887,1798928588
111,sh000128,380基本,7979.3418,-13.601,-0.17,7992.9428,7985.4115,7985.7018,7965.8293,4872794,6905083264
112,sh000129,180波动,13799.2848,10.217,0.074,13789.0676,13756.8342,13802.7717,13747.022,7793068,9520995594
113,sh000130,380波动,11691.5719,-5.107,-0.044,11696.6786,11699.7291,11699.7291,11673.117,2032506,1554889792
114,sh000131,上证高新,2217.2524,0.455,0.021,2216.7974,2207.6008,2223.413,2205.7754,789464,3728894894
115,sh000132,上证100,6534.3737,-24.454,-0.373,6558.8279,6537.3602,6538.2136,6521.8574,1221187,1937818036
116,sh000133,上证150,5467.9044,-1.317,-0.024,5469.2211,5469.7662,5470.8182,5462.464,1016536,2170891934
117,sh000134,上证银行,758.9289,3.313,0.438,755.6161,755.2252,759.28,754.7779,1912296,1226897350
118,sh000135,180高贝,5758.365,5.778,0.1,5752.5874,5744.0683,5758.365,5737.9033,1766014,4636464306
119,sh000136,180低贝,11655.4573,-7.402,-0.063,11662.8595,11620.693,11658.8624,11611.9728,5404777,5782329644
120,sh000137,380高贝,5071.9366,-3.293,-0.065,5075.2301,5066.3953,5073.2446,5061.0828,933662,1899833929
121,sh000138,380低贝,6885.0115,-4.252,-0.062,6889.2632,6888.1206,6888.1206,6876.2758,1781020,1690733566
122,sh000139,上证转债,356.6564,-0.014,-0.004,356.67,356.6945,356.9371,356.6194,561837,845269835
123,sh000141,380动态,3811.6499,-13.974,-0.365,3825.6236,3816.7954,3816.7954,3809.4938,2147321,3738767356
124,sh000142,380稳定,8812.298,-10.639,-0.121,8822.9371,8815.2233,8817.093,8797.466,2725473,3166315908
125,sh000145,优势资源,5551.7969,7.388,0.133,5544.4093,5535.8959,5551.7969,5525.1668,1553488,1682992647
126,sh000146,优势制造,7974.0872,31.392,0.395,7942.6953,7941.6276,7974.0872,7935.7815,672312,1824636362
127,sh000147,优势消费,8985.6176,12.135,0.135,8973.4824,8981.9962,8994.1269,8957.5133,362843,1537980547
128,sh000148,消费领先,9741.8415,7.012,0.072,9734.83,9707.2618,9742.7452,9697.4915,4338252,9273809545
129,sh000149,180红利,3339.3272,6.168,0.185,3333.1592,3328.3442,3341.1221,3325.0226,3186879,2722313868
130,sh000150,380红利,11643.3121,-50.941,-0.436,11694.2533,11682.1229,11683.4797,11635.3896,613658,437237938
131,sh000151,上国红利,1480.1537,-4.139,-0.279,1484.2929,1482.2266,1482.2266,1477.54,1691189,921932643
132,sh000152,上央红利,2388.6039,-1.117,-0.047,2389.7208,2386.1206,2389.2492,2381.9736,3045742,1860732705
133,sh000153,上民红利,3127.7156,-2.153,-0.069,3129.8686,3133.9894,3133.9894,3122.7443,243959,277099926
134,sh000155,市值百强,2903.7745,2.003,0.069,2901.7717,2891.4654,2903.8291,2889.7596,6843896,12673376507
135,sh000158,上证环保,1881.4511,7.856,0.419,1873.5952,1872.3515,1881.4511,1871.4463,538438,1280365968
136,sh000159,沪股通,3281.8807,-1.947,-0.059,3283.8272,3276.3386,3281.901,3273.7923,22978324,31154225375
137,sh000160,沪新丝路,2003.3359,-3.811,-0.19,2007.1468,2002.7501,2003.4357,1999.6216,4072780,3576811250
138,sh000161,沪中国造,1996.0283,6.547,0.329,1989.4813,1986.8586,1996.0283,1985.3003,1932514,5520190645
139,sh000162,沪互联+,3464.1256,-13.8,-0.397,3477.9259,3467.8399,3468.5085,3456.1666,1458250,3933511283
140,sh000170,50AH优选,5232.8603,6.887,0.132,5225.9735,5211.7672,5233.7741,5208.7525,2253109,4369595940
141,sh000300,沪深300,4157.6184,8.235,0.198,4149.3836,4139.3088,4157.8625,4138.4618,13364926,28497614342
142,sh000682,科创信息,1341.0239,-10.268,-0.76,1351.2922,1336.838,1344.7937,1335.5576,314042,3678359020
143,sh000683,科创生物,1241.9502,-5.103,-0.409,1247.0529,1245.3614,1245.3614,1238.0456,81424,490616212
144,sh000687,科创高装,1202.2453,-2.756,-0.229,1205.0014,1204.3415,1204.3649,1200.6072,172875,398489038
145,sh000688,科创50,1136.4518,-3.678,-0.323,1140.1303,1130.8127,1137.8301,1129.7554,1550290,8558663712
146,sh000689,科创材料,1313.3956,-1.05,-0.08,1314.4452,1313.3247,1314.311,1309.7352,131340,482420557
147,sh000690,科创成长,1316.5813,-2.285,-0.173,1318.8659,1317.1657,1319.6607,1314.2936,197647,1233884736
148,sh000692,科创新能,2017.5963,12.509,0.624,2005.0871,2004.7831,2022.7048,2001.6616,122281,555901545
149,sh000693,科创机械,1371.846,-4.899,-0.356,1376.7447,1373.8899,1373.8899,1368.7166,200936,484875272
150,sh000695,科长三角,1092.7962,-5.829,-0.531,1098.6248,1089.9348,1094.1139,1088.3508,189596,1812380701
151,sh000697,科大湾区,1135.3279,-6.792,-0.595,1142.1202,1134.07,1136.7976,1130.1245,161311,589916581
152,sh000802,500沪市,6995.6725,-10.992,-0.157,7006.6647,6996.2102,6996.2102,6979.1261,5670128,5940192435
153,sh000819,有色金属,6053.9627,40.406,0.672,6013.557,6007.2226,6053.9627,6000.9769,1741835,4088767158
154,sh000823,800有色,6668.8408,35.242,0.531,6633.5989,6626.6845,6668.8408,6615.5946,1590364,3356145932
155,sh000827,中证环保,2073.5947,20.574,1.002,2053.0203,2053.0411,2073.5947,2052.5473,1385965,4998560753
156,sh000847,腾讯济安,3097.3983,0.229,0.007,3097.1694,3095.6572,3097.443,3092.3039,4192375,6856869636
157,sh000849,300非银,8611.6734,50.624,0.591,8561.0496,8527.8619,8611.6734,8520.6143,2353631,3447774400
158,sh000851,百发100,14758.7227,-37.995,-0.257,14796.718,14783.7354,14783.7354,14743.5597,1858871,3776282859
159,sh000852,中证1000,6996.8966,-15.876,-0.226,7012.773,7002.2564,7002.2564,6987.6384,13927438,17844652037
160,sh000853,CSSW丝路,1619.9183,4.706,0.291,1615.2128,1611.8011,1619.9183,1610.7544,3463259,5834797334
161,sh000854,500原料,4762.0833,0.54,0.011,4761.5437,4761.8945,4762.0833,4747.2714,2002620,2774064929
162,sh000855,央视500,1464.6996,1.808,0.124,1462.8919,1459.3582,1464.7007,1459.1006,15788959,33656461209
163,sh000856,500工业,6308.472,6.944,0.11,6301.5281,6296.0647,6308.472,6286.2604,2117419,2329722419
164,sh000857,500医药,13416.3791,-55.107,-0.409,13471.4861,13454.8705,13457.192,13373.516,399743,1068394734
165,sh000858,500信息,7787.5079,-47.783,-0.61,7835.2909,7786.2256,7803.1175,7763.448,961303,2416361507
166,sh000860,结构调整,1240.3157,-1.671,-0.135,1241.9865,1239.4427,1240.8711,1237.7574,4383740,5563641774
167,sh000865,上海国企,1307.3052,1.44,0.11,1305.8647,1306.7728,1308.9297,1305.6304,904283,977743624
168,sh000867,港中小企,2447.6245,-5.395,-0.22,2453.0196,2446.5589,2447.6245,2442.0661,2398955,558602575
169,sh000869,HK银行,2793.8276,-4.245,-0.152,2798.0724,2791.4365,2794.5881,2783.3682,947085,589798392
170,sh000891,新兴综指,1579.4139,-1.52,-0.096,1580.9339,1576.2528,1579.909,1575.6839,21089111,45382162507
171,sh000901,小康指数,5780.4303,-12.327,-0.213,5792.7574,5770.8977,5781.3943,5763.864,6462568,8871766184
172,sh000903,中证100,4028.9833,8.645,0.215,4020.338,4008.1947,4029.2874,4007.1373,6075342,15554042545
173,sh000905,中证500,6446.9145,-12.325,-0.191,6459.2396,6448.7565,6448.7565,6433.6063,10795006,14201961526
174,sh000906,中证800,4540.3459,4.423,0.098,4535.9232,4525.857,4540.3969,4524.7125,24159932,42699575869
175,sh000913,300医药,10846.7967,-82.237,-0.752,10929.0333,10825.3901,10872.8207,10798.3406,305796,2160202197
176,sh000914,300金融,5441.0245,25.12,0.464,5415.905,5405.266,5441.8669,5400.6449,4423312,5011000182
177,sh000928,中证能源,2726.9305,0.431,0.016,2726.4996,2722.132,2727.2947,2714.6308,1315183,929385380
178,sh000932,中证消费,21072.3397,52.355,0.249,21019.9851,21020.4577,21077.327,20990.7243,363648,1703939533
179,sh000933,中证医药,10671.59,-67.689,-0.63,10739.2793,10668.2165,10692.8262,10628.344,707978,3234701662
180,sh000934,中证金融,5135.9597,22.151,0.433,5113.8085,5104.95,5136.8353,5100.4463,6011536,5953582485
181,sh000935,中证信息,4807.5079,-27.734,-0.574,4835.2423,4798.5552,4815.138,4793.174,3125203,10453645689
182,sh000974,800金融,5486.4243,28.615,0.524,5457.8095,5447.7648,5486.4243,5443.8213,5501973,5595109821
183,sh000982,500等权,7888.6918,-18.989,-0.24,7907.6812,7896.7398,7896.7398,7875.7828,10795006,14201961526
184,sh000986,全指能源,2329.2744,-3.266,-0.14,2332.5406,2327.9432,2329.2744,2320.5003,2830953,1700232814
185,sh000987,全指材料,3898.1263,12.84,0.33,3885.286,3883.3379,3898.1263,3880.34,3185004,5777769198
186,sh000989,全指可选,4864.4343,11.944,0.246,4852.4902,4854.8209,4867.2791,4853.3466,1100522,2393337894
187,sh000991,全指医药,11526.5248,-73.897,-0.637,11600.4221,11524.1442,11550.3062,11480.1225,748549,3517833174
188,sh000992,全指金融,4933.9791,20.431,0.416,4913.5483,4905.6635,4934.6177,4901.4944,7915933,7272389636
189,sh000993,全指信息,6370.3753,-37.607,-0.587,6407.9823,6359.1655,6381.0714,6351.4761,3271517,11045962076
190,sz399001,深证成指,11876.639,21.155,0.178,11855.484,11834.771,11879.648,11834.185,3504732667,51428599809
191,sz399002,深成指R,15110.62,27.831,0.185,15082.789,15057.352,15114.448,15056.605,1203799672,25705287769
192,sz399003,成份Ｂ指,8157.376,-28.544,-0.349,8185.92,8177.049,8179.675,8130.907,694063,2822833
193,sz399004,深证100R,7149.029,29.855,0.419,7119.174,7106.081,7150.891,7105.94,366237667,11593847812
194,sz399005,中小100,7837.918,22.281,0.285,7815.637,7796.656,7840.441,7793.157,268222424,7433975680
195,sz399006,创业板指,2442.081,7.639,0.314,2434.442,2428.183,2443.058,2428.183,1149688040,21678392416
196,sz399007,深证300,5037.354,11.972,0.238,5025.382,5015.944,5038.775,5015.595,785206793,20334998392
197,sz399008,中小300,1527.746,1.471,0.096,1526.275,1522.977,1528.121,1522.498,619481505,11878381518
198,sz399009,深证200,4331.621,-5.266,-0.121,4336.887,4329.352,4333.042,4321.455,418969126,8741150580
199,sz399010,深证700,7548.727,-17.696,-0.234,7566.423,7558.058,7558.461,7535.009,1183521950,15072471030
200,sz399011,深证1000,5731.008,5.235,0.091,5725.773,5716.395,5732.567,5716.118,1968728743,35407469422
201,sz399012,创业300,3523.069,4.6,0.131,3518.469,3510.474,3525.085,3510.474,500315994,12463942985
202,sz399013,深市精选,5212.164,4.535,0.087,5207.629,5200.021,5214.05,5199.122,1146394455,20485805525
203,sz399015,中小创新,2548.697,-7.437,-0.291,2556.134,2553.175,2553.465,2544.175,764929071,9702181653
204,sz399016,深证创新,4771.62,-10.055,-0.21,4781.675,4764.608,4776.167,4760.058,245099871,8516734603
205,sz399017,SME创新,3967.668,-2.287,-0.058,3969.955,3959.092,3968.676,3956.858,170319432,5029472412
206,sz399018,创业创新,4786.763,-18.585,-0.387,4805.348,4787.701,4792.863,4774.165,144519918,5765828520
207,sz399030,碳科技30,3841.505,40.487,1.065,3801.018,3803.475,3841.505,3803.475,47847900,2925554338
208,sz399050,创新引擎,2761.5,3.623,0.131,2757.877,2755.832,2763.39,2755.007,87017087,1759983198
209,sz399060,碳科技60,3036.196,28.951,0.963,3007.245,3006.75,3036.886,3005.958,116811409,6026259724
210,sz399088,深创100,3771.42,16.131,0.43,3755.289,3747.368,3772.558,3747.368,248097574,9798297177
211,sz399100,新指数,9932.52,-0.296,-0.003,9932.816,9919.264,9934.757,9912.889,3336151540,50378537559
212,sz399101,中小综指,12458.338,-3.516,-0.028,12461.854,12439.985,12461.741,12432.618,1345322043,18174392881
213,sz399102,创业板综,2962.226,-0.526,-0.018,2962.752,2956.875,2963.198,2955.572,1149688040,21678392416
214,sz399103,乐富指数,7552.601,-6.833,-0.09,7559.434,7546.904,7554.594,7539.68,1436643396,1522360939
215,sz399106,深证综指,2140.988,-0.414,-0.019,2141.402,2138.272,2141.378,2136.813,3504732667,51428599809
216,sz399107,深证Ａ指,2239.888,-0.422,-0.019,2240.31,2237.032,2240.299,2235.521,3503729344,51423973921
217,sz399108,深证Ｂ指,1182.402,-4.292,-0.362,1186.694,1186.082,1186.082,1180.051,1003323,4625888
218,sz399231,农林指数,1501.614,-3.108,-0.207,1504.722,1500.67,1506.906,1496.188,28912744,409673524
219,sz399232,采矿指数,2785.044,4.28,0.154,2780.764,2779.951,2785.285,2772.549,58180623,678844023
220,sz399233,制造指数,2696.647,2.998,0.111,2693.649,2689.973,2697.138,2689.487,1664280806,30724870089
221,sz399234,水电指数,880.549,-1.613,-0.183,882.162,882.662,883.174,880.168,51638039,331490492
222,sz399235,建筑指数,1218.381,-8.067,-0.658,1226.448,1224.031,1224.254,1216.568,105685969,1268582705
223,sz399236,批零指数,1369.471,-4.119,-0.3,1373.59,1372.525,1374.257,1367.634,76079755,754791431
224,sz399237,运输指数,1228.148,11.323,0.931,1216.825,1218.677,1230.368,1218.24,47168904,491259530
225,sz399238,餐饮指数,2345.777,-36.461,-1.531,2382.238,2365.102,2382.107,2345.777,12967036,186224952
226,sz399239,IT指数,1957.933,-14.392,-0.73,1972.325,1966.22,1968.218,1950.09,551186180,8263933828
227,sz399240,金融指数,1261.745,4.217,0.335,1257.528,1255.23,1261.972,1252.837,254409341,2698578969
228,sz399241,地产指数,1778.457,-2.967,-0.167,1781.424,1779.135,1780.619,1773.548,98000592,486696493
229,sz399242,商务指数,1093.876,-7.549,-0.685,1101.425,1101.657,1103.044,1092.569,110452928,862996690
230,sz399243,科研指数,1742.393,-15.13,-0.861,1757.523,1746.669,1749.422,1732.757,53581755,874108417
231,sz399244,公共指数,616.686,-3.069,-0.495,619.755,619.266,619.377,616.686,41979945,424027223
232,sz399248,文化指数,980.9,-15.417,-1.547,996.317,996.065,997.056,979.512,146728624,1446762769
233,sz399249,综企指数,1137.618,-6.524,-0.57,1144.142,1144.665,1145.616,1137.618,2782700,28726168
234,sz399262,数字经济,1987.436,-12.715,-0.636,2000.151,1988.403,1990.492,1982.606,262202407,7478172947
235,sz399263,创业数字,1796.404,-13.673,-0.755,1810.077,1802.467,1803.815,1791.14,201260417,5121976374
236,sz399264,创新技术,1557.924,-7.194,-0.46,1565.118,1556.567,1560.839,1550.942,104860632,2697669460
237,sz399265,创新药械,1486.105,-5.852,-0.392,1491.957,1486.994,1490.823,1480.363,21109690,714023260
238,sz399266,创新能源,2947.117,33.558,1.152,2913.559,2915.179,2947.117,2915.179,53540767,3176818229
239,sz399269,创质量,5343.33,15.585,0.293,5327.745,5318.045,5345.377,5318.045,76756236,4009777637
240,sz399274,深新基建,3807.784,-14.918,-0.39,3822.702,3802.055,3813.634,3800.178,162097075,5016749437
241,sz399275,创医药,4161.251,-16.235,-0.389,4177.486,4161.497,4175.122,4147.342,27960759,985810520
242,sz399276,创科技,5740.505,-1.429,-0.025,5741.934,5725.901,5747.284,5725.7,99983767,4884730112
243,sz399277,公共健康,3216.145,3.125,0.097,3213.02,3209.974,3220.943,3204.447,56421468,1373025165
244,sz399278,长江100,1968.492,8.324,0.425,1960.168,1958.025,1969.012,1957.822,296213283,7779478692
245,sz399279,云科技50,3263.676,-28.09,-0.853,3291.766,3273.404,3273.404,3258.192,223930469,6840657428
246,sz399280,生物50,3103.529,-4.298,-0.138,3107.827,3098.184,3111.161,3090.414,42056602,1465580152
247,sz399281,电子50,2878.961,-23.269,-0.802,2902.23,2880.553,2883.775,2874.558,123632317,2403965080
248,sz399282,大数据50,4917.619,-17.757,-0.36,4935.376,4920.424,4926.771,4894.882,162790947,3159958669
249,sz399283,机器人50,3259.783,-2.949,-0.09,3262.732,3260.244,3265.997,3255.067,69346183,1489015967
250,sz399284,AI 50,3711.697,-27.686,-0.74,3739.383,3716.588,3717.954,3699.425,202964004,5580114858
251,sz399285,物联网50,4049.471,-13.986,-0.344,4063.457,4046.221,4054.862,4043.243,156065800,4869834632
252,sz399286,区块链50,3513.706,-2.963,-0.084,3516.669,3506.744,3515.309,3499.368,213857729,3366504183
253,sz399290,深转交债,167.878,-0.02,-0.012,167.898,167.875,167.917,167.759,2670700,462893898
254,sz399291,创精选88,4124.802,-7.924,-0.192,4132.726,4125.301,4131.921,4114.822,130361477,2953881331
255,sz399292,民企发展,1106.678,-4.889,-0.44,1111.567,1109.689,1109.689,1104.669,394678340,3627568360
256,sz399293,创业大盘,4602.168,18.97,0.414,4583.198,4571.507,4603.304,4571.507,78703396,4283776848
257,sz399294,中小创Q,3185.828,18.53,0.585,3167.298,3158.997,3186.653,3158.042,146014367,4563088391
258,sz399295,创价值,5113.623,-4.82,-0.094,5118.443,5106.437,5121.224,5103.918,75500614,3083122293
259,sz399296,创成长,5675.771,26.003,0.46,5649.768,5637.5,5678.097,5637.5,101143316,4588161479
260,sz399297,新浪100,4311.818,-12.039,-0.278,4323.857,4324.393,4324.393,4307.53,133354689,961477476
261,sz399298,深信中高,193.572,0.019,0.01,193.553,193.572,193.572,193.572,0,0
262,sz399299,深信中低,224.012,0.028,0.013,223.984,224.012,224.012,224.012,0,0
263,sz399300,沪深300,4157.577,8.193,0.197,4149.384,4139.309,4157.862,4138.462,1327922300,28302119625
264,sz399301,深信用债,197.062,0.018,0.009,197.044,197.062,197.062,197.062,0,0
265,sz399302,深公司债,200.679,0.019,0.009,200.66,200.679,200.679,200.679,0,0
266,sz399303,国证2000,8484.272,-30.827,-0.362,8515.099,8503.481,8503.481,8474.421,2145593121,25592769566
267,sz399306,深证ETF,1512.495,-1.378,-0.091,1513.873,1511.172,1512.95,1509.699,1414124951,1497781300
268,sz399307,深证转债,307.506,-0.023,-0.007,307.529,307.509,307.596,307.345,12456583,2244733136
269,sz399310,国证A50,6629.679,20.668,0.313,6609.011,6590.599,6629.852,6589.711,341272083,9658083058
270,sz399311,国证1000,4402.404,3.491,0.079,4398.913,4389.397,4402.404,4388.794,2912154370,49001934041
271,sz399312,国证300,4875.164,7.933,0.163,4867.231,4854.686,4875.169,4854.616,1054524923,26489907176
272,sz399313,巨潮100,4861.035,17.056,0.352,4843.979,4833.11,4861.035,4832.82,708986326,15038637504
273,sz399314,巨潮大盘,4515.951,12.259,0.272,4503.692,4493.134,4515.951,4492.91,1090674622,22646372293
274,sz399315,巨潮中盘,4367.092,-5.812,-0.133,4372.904,4363.746,4367.804,4357.478,708892385,12559480407
275,sz399316,巨潮小盘,5237.351,-13.18,-0.251,5250.531,5241.636,5241.899,5228.172,1112587363,13796081341
276,sz399317,国证Ａ指,5578.27,-3.11,-0.056,5581.38,5570.865,5578.301,5567.867,6067123056,86988712797
277,sz399318,国证Ｂ指,4988.883,-10.342,-0.207,4999.225,5002.468,5002.468,4987.591,1373826,7640623
278,sz399319,资源优势,2496.405,5.491,0.22,2490.914,2486.188,2496.857,2483.546,370012664,5064959756
279,sz399320,国证服务,2235.894,-6.665,-0.297,2242.559,2239.948,2240.001,2234.792,301802456,2380248586
280,sz399321,国证红利,6750.593,19.842,0.295,6730.751,6715.623,6750.593,6711.453,430185279,4938665048
281,sz399322,国证治理,8826.155,37.364,0.425,8788.791,8777.301,8827.473,8777.11,178168574,3461496693
282,sz399324,深证红利,9625.16,24.867,0.259,9600.293,9594.095,9634.997,9589.327,125853890,2127430869
283,sz399326,成长40,5053.161,12.92,0.256,5040.241,5022.506,5053.821,5022.506,97821443,3623020248
284,sz399328,深证治理,10637.289,34.726,0.328,10602.563,10594.945,10646.68,10594.307,76499687,2300411258
285,sz399330,深证100,5355.226,21.8,0.409,5333.426,5323.054,5356.62,5322.948,366237667,11593847812
286,sz399333,中小100R,9073.964,25.795,0.285,9048.169,9026.193,9076.884,9022.144,268222424,7433975680
287,sz399335,深证央企,4601.185,-10.493,-0.228,4611.678,4602.397,4604.563,4593.004,142062842,2183656731
288,sz399337,深证民营,5160.335,23.157,0.451,5137.178,5124.307,5160.828,5124.307,294159476,9804962608
289,sz399339,深证科技,7756.006,13.873,0.179,7742.133,7715.813,7761.053,7715.018,266165770,9510466411
290,sz399341,深证责任,1820.566,6.098,0.336,1814.468,1813.091,1821.633,1812.96,185155531,4283044492
291,sz399344,深证300R,6282.361,15.381,0.245,6266.98,6255.659,6284.133,6255.224,785206793,20334998392
292,sz399346,深证成长,3789.451,8.827,0.233,3780.624,3764.969,3790.169,3764.969,253066194,8384747296
293,sz399348,深证价值,6066.011,-7.722,-0.127,6073.733,6066.434,6070.174,6055.378,390955498,5799925624
294,sz399350,皖江30,2561.506,6.068,0.237,2555.438,2553.538,2561.506,2549.516,69452781,1445533081
295,sz399351,创新示范,8830.347,25.693,0.292,8804.654,8792.698,8831.908,8790.278,185466059,3791672477
296,sz399352,深企综指,8167.308,18.962,0.233,8148.346,8135.902,8167.882,8134.132,415180622,7254419423
297,sz399353,国证物流,2409.516,-2.31,-0.096,2411.826,2415.495,2415.495,2407.123,115505770,1134533800
298,sz399354,分析师指数,7986.426,11.131,0.14,7975.295,7953.644,7987.229,7953.212,478932952,13932548817
299,sz399355,长三角,3254.005,-6.87,-0.211,3260.875,3240.076,3254.264,3235.905,165230134,3808882664
300,sz399356,珠三角,9204.434,43.696,0.477,9160.738,9144.567,9206.518,9142.004,147668061,3841651910
301,sz399357,环渤海,2897.504,-3.91,-0.135,2901.414,2891.135,2897.642,2888.619,465628663,4919233882
302,sz399358,国证环保,5412.891,67.995,1.272,5344.896,5349.786,5412.999,5349.786,101853956,4998401869
303,sz399359,国证基建,2933.176,-12.137,-0.412,2945.313,2934.052,2934.406,2927.081,345451778,2553026393
304,sz399360,新硬件,4829.795,-19.819,-0.409,4849.614,4835.661,4836.991,4818.659,302413189,6415347333
305,sz399361,在线消费,3848.393,-63.862,-1.632,3912.255,3880.891,3883.382,3832.833,302702663,5049941271
306,sz399362,民企100,7331.387,40.359,0.554,7291.028,7275.507,7331.811,7275.507,278740026,11808085381
307,sz399363,国证算力,4521.222,-14.702,-0.324,4535.924,4523.276,4532.438,4503.69,122662919,5726167940
308,sz399364,消费100,9349.645,-6.909,-0.074,9356.554,9315.286,9355.377,9315.286,271651235,9902979405
309,sz399365,国证粮食,15132.973,5.487,0.036,15127.486,15137.971,15138.499,15108.842,42840284,639237463
310,sz399366,能源金属,2095.744,27.7,1.339,2068.044,2069.107,2096.658,2068.849,89429978,2950108921
311,sz399367,1000地产,3867.255,-10.933,-0.282,3878.188,3874.584,3878.554,3865.778,81132097,638941318
312,sz399368,国证军工,7569.326,-24.508,-0.323,7593.834,7580.639,7587.322,7567.734,50712717,1389654516
313,sz399369,国证责任,1603.072,3.275,0.205,1599.797,1597.392,1603.514,1597.107,276328937,4193316380
314,sz399370,国证成长,4907.43,3.748,0.076,4903.682,4887.516,4907.711,4887.516,631408110,20463376036
315,sz399371,国证价值,6212.962,5.375,0.087,6207.587,6195.291,6212.962,6189.989,1251082760,11712358222
316,sz399372,大盘成长,5063.837,11.055,0.219,5052.782,5032.01,5064.125,5032.01,262401681,11525893583
317,sz399373,大盘价值,7164.32,18.953,0.265,7145.367,7127.715,7164.382,7124.407,588964796,5731822839
318,sz399374,中盘成长,4823.178,2.548,0.053,4820.63,4811.08,4823.629,4805.974,118957067,3612582303
319,sz399375,中盘价值,5468.906,-6.093,-0.111,5474.999,5469.614,5469.614,5455.193,338934807,3466184087
320,sz399376,小盘成长,5697.716,-22.33,-0.39,5720.046,5707.892,5707.892,5686.085,250049362,5324900151
321,sz399377,小盘价值,6851.913,-18.386,-0.268,6870.299,6858.992,6858.992,6836.305,323183157,2514351296
322,sz399378,ESG 300,2610.269,5.786,0.222,2604.483,2599.286,2610.269,2599.245,856000030,17788482535
323,sz399379,国证基金,7830.495,-8.102,-0.103,7838.597,7824.432,7832.143,7816.981,4659947221,4578485332
324,sz399380,国证ETF,1545.615,-1.693,-0.109,1547.308,1544.293,1545.966,1542.746,4634683904,4549176707
325,sz399381,1000能源,2946.931,-5.118,-0.173,2952.049,2944.691,2947.051,2934.519,260940895,1545083107
326,sz399382,1000材料,2978.163,8.488,0.286,2969.675,2967.919,2978.364,2965.421,330348410,6224481303
327,sz399383,1000工业,2868.241,12.491,0.437,2855.75,2852.629,2868.241,2852.439,517810118,8020695413
328,sz399384,1000可选,3578.868,2.1,0.059,3576.768,3576.598,3581.762,3574.853,212552566,3162796590
329,sz399385,1000消费,13293.601,37.62,0.284,13255.981,13262.862,13295.749,13238.496,51342097,2091064889
330,sz399386,1000医药,7694.673,-51.997,-0.671,7746.67,7696.41,7715.218,7667.019,82856340,3613298911
331,sz399387,1000金融,4365.938,22.127,0.509,4343.811,4336.667,4366.13,4333.667,678701653,6584057408
332,sz399388,1000信息,4916.484,-24.536,-0.497,4941.02,4911.617,4923.371,4901.776,477530987,14399057866
333,sz399389,国证通信,3951.195,4.721,0.12,3946.474,3935.594,3952.519,3934.325,191319404,3298257233
334,sz399390,1000公用,2411.845,-7.222,-0.299,2419.067,2420.571,2420.571,2411.551,118130171,614575040
335,sz399391,投资时钟,3379.137,7.265,0.215,3371.872,3372.006,3379.826,3368.918,300105115,4968606033
336,sz399392,国证新兴,2691.344,3.3,0.123,2688.044,2677.85,2691.856,2677.802,460580043,15027997609
337,sz399393,国证地产,4168.507,-9.451,-0.226,4177.958,4175.079,4180.234,4166.834,103149828,782674563
338,sz399394,国证医药,11370.762,-79.878,-0.698,11450.64,11371.893,11401.321,11328.268,70953505,3318115050
339,sz399395,国证有色,6096.771,30.903,0.509,6065.868,6058.833,6098.134,6051.423,177295099,3684744865
340,sz399396,国证食品,26349.348,89.293,0.34,26260.055,26291.621,26362.418,26222.6,26462027,1596163691
341,sz399397,国证文化,2305.698,-26.277,-1.127,2331.975,2325.474,2326.134,2300.807,247768671,4419568704
342,sz399398,绩效指数,12070.244,-33.093,-0.273,12103.337,12061.561,12074.659,12033.871,81285114,3328618521
343,sz399399,中经GDP,7171.837,20.591,0.288,7151.246,7140.051,7171.837,7138.98,1038810994,18792657269
344,sz399400,大中盘,3740.179,5.849,0.157,3734.33,3725.842,3740.204,3725.408,1799567007,35205852700
345,sz399401,中小盘,4312.566,-8.041,-0.186,4320.607,4312.338,4313.621,4305.185,1821479748,26355561748
346,sz399402,周期100,3197.733,16.738,0.526,3180.995,3173.369,3197.733,3172.794,500213833,11012332130
347,sz399403,防御100,9262.138,5.941,0.064,9256.197,9249.02,9266.201,9238.49,167303394,4769223224
348,sz399404,大盘低波,5362.06,10.158,0.19,5351.902,5342.152,5362.625,5338.491,443108320,4431671895
349,sz399405,大盘高贝,2357.686,-2.488,-0.105,2360.174,2344.056,2358.758,2344.056,251233582,9505853016
350,sz399406,中盘低波,12225.536,-11.179,-0.091,12236.715,12233.604,12233.604,12207.841,376157989,3807578825
351,sz399407,中盘高贝,2636.082,6.316,0.24,2629.766,2625.27,2636.292,2623.432,153670705,4441005489
352,sz399408,小盘低波,14156.696,-24.85,-0.175,14181.546,14173.897,14173.897,14136.058,386027268,2986179121
353,sz399409,小盘高贝,5062.126,-10.477,-0.207,5072.603,5061.434,5065.231,5049.468,351951961,6906717402
354,sz399410,苏州率先,2112.729,5.152,0.244,2107.577,2098.943,2112.98,2098.305,66817046,1166303204
355,sz399411,红利100,3379.627,-5.269,-0.156,3384.896,3381.172,3381.172,3374.256,306387323,3085549756
356,sz399412,国证新能,3127.247,35.287,1.141,3091.96,3093.203,3127.303,3092.893,95783335,4993348660
357,sz399413,国证转债,153.351,-0.007,-0.005,153.358,153.362,153.439,153.334,18073433,3089823066
358,sz399415,I100,6815.989,-24.723,-0.361,6840.712,6830.831,6832.995,6806.313,109369167,3330369268
359,sz399416,I300,3557.553,-9.603,-0.269,3567.156,3562.725,3563.456,3551.482,146410369,3189353465
360,sz399417,新能源车,3384.842,41.088,1.229,3343.754,3341.451,3385.654,3341.451,76673136,4264803669
361,sz399418,国证国安,4177.332,-11.178,-0.267,4188.51,4173.835,4179.843,4169.371,384300057,9420349790
362,sz399419,国证高铁,1923.969,-5.249,-0.272,1929.218,1926.993,1927.329,1920.447,124019100,1155289380
363,sz399420,国证保证,1223.373,5.22,0.429,1218.153,1213.883,1223.373,1212.003,259698221,3620693997
364,sz399422,中关村A,3445.109,-15.607,-0.451,3460.716,3451.215,3451.489,3437.118,657905997,11671512137
365,sz399423,中关村50,2823.473,-5.035,-0.178,2828.508,2820.667,2828.99,2816.61,88110261,3304442638
366,sz399427,专利领先,2837.88,-0.928,-0.033,2838.808,2829.834,2839.783,2825.903,53680704,2040455125
367,sz399428,国证定增,3384.637,-7.214,-0.213,3391.851,3384.097,3386.017,3380.343,161329903,2316443871
368,sz399429,新丝路,1517.402,0.861,0.057,1516.541,1515.682,1517.42,1513.688,255949841,2599518268
369,sz399431,国证银行,6059.821,28.582,0.474,6031.239,6028.969,6061.256,6026.765,210298412,1449293985
370,sz399432,智能汽车,5731.244,46.813,0.824,5684.431,5680.557,5732.813,5680.363,57611019,3540890049
371,sz399433,国证交运,1882.05,0.739,0.039,1881.311,1884.696,1885.355,1879.489,131719226,1070963503
372,sz399434,国证传媒,1935.41,-21.996,-1.124,1957.406,1956.701,1958.877,1931.974,227576793,1943886824
373,sz399435,国证农牧,4850.208,-1.691,-0.035,4851.899,4846.289,4857.784,4837.38,53979981,763773954
374,sz399436,绿色煤炭,4091.205,16.351,0.401,4074.854,4078.839,4091.937,4076.95,76871284,577405819
375,sz399437,证券龙头,5668.961,0.54,0.01,5668.421,5641.284,5668.961,5625.566,264418640,3053972308
376,sz399438,绿色电力,1951.522,-5.928,-0.303,1957.45,1956.961,1956.961,1951.411,80072712,540377840
377,sz399439,国证油气,1755.294,-12.04,-0.681,1767.334,1760.787,1760.787,1750.458,278365243,1707004124
378,sz399440,国证钢铁,1315.329,0.402,0.031,1314.927,1315.829,1316.008,1311.848,59118729,568206714
379,sz399441,生物医药,3349.907,-41.194,-1.215,3391.101,3351.887,3362.069,3333.588,25831171,1926062003
380,sz399481,企债指数,126.309,0.0,0.0,126.309,126.309,126.309,126.309,24000,2070022
381,sz399550,央视50,7374.314,22.328,0.304,7351.986,7344.458,7376.053,7342.069,145352136,3735517808
382,sz399551,央视创新,8912.771,-3.97,-0.045,8916.741,8909.035,8923.327,8896.172,116241579,3426990584
383,sz399552,央视成长,8291.083,15.589,0.188,8275.494,8270.623,8295.229,8266.85,128266734,3304358700
384,sz399553,央视回报,8017.338,34.248,0.429,7983.09,7966.667,8022.609,7966.667,80451870,3123903243
385,sz399554,央视治理,7338.73,35.604,0.488,7303.126,7306.192,7340.181,7298.394,154817120,3502140282
386,sz399555,央视责任,4927.72,10.386,0.211,4917.334,4914.935,4928.497,4912.593,158725906,2718442758
387,sz399556,央视生态,2738.145,26.759,0.987,2711.386,2712.535,2738.629,2712.517,115535886,4909801641
388,sz399557,央视文化,1917.483,-22.148,-1.142,1939.631,1934.274,1934.611,1913.601,247768671,4419568704
389,sz399602,中小成长,1204.452,1.369,0.114,1203.083,1198.261,1204.579,1198.163,225752452,5510656044
390,sz399604,中小价值,2006.947,-5.371,-0.267,2012.318,2009.189,2009.628,2004.688,209684158,2555124876
391,sz399606,创业板R,2615.141,8.773,0.337,2606.368,2600.259,2616.188,2600.259,172333248,7047679997
392,sz399608,科技100,3361.866,15.086,0.451,3346.78,3338.368,3362.737,3337.664,230429707,8676683297
393,sz399610,TMT50,6304.246,-30.367,-0.479,6334.613,6303.646,6313.136,6291.225,191606748,4987941963
394,sz399611,中创100R,2669.625,11.64,0.438,2657.985,2651.821,2670.065,2651.4,275185058,10396267128
395,sz399612,中创100,2365.987,9.992,0.424,2355.995,2350.208,2366.377,2349.835,275185058,10396267128
396,sz399613,深证能源,3538.265,-9.709,-0.274,3547.974,3550.23,3550.23,3531.467,29803131,246765151
397,sz399614,深证材料,3375.808,17.097,0.509,3358.711,3359.957,3376.062,3356.933,198789942,4535044215
398,sz399615,深证工业,3676.472,32.157,0.882,3644.315,3641.944,3676.472,3641.508,220655466,5860769852
399,sz399616,深证可选,5577.1,13.924,0.25,5563.176,5567.835,5583.116,5567.152,135926502,1981164030
400,sz399617,深证消费,13680.105,35.065,0.257,13645.04,13648.058,13704.434,13614.601,15977219,831053857
401,sz399618,深证医药,11834.898,-33.297,-0.281,11868.195,11821.018,11868.948,11786.875,51675576,1923165905
402,sz399619,深证金融,6060.521,6.566,0.108,6053.955,6036.155,6061.181,6020.8,154710345,1789072058
403,sz399620,深证信息,4502.297,-30.987,-0.684,4533.284,4507.625,4511.106,4492.027,366342641,8937527811
404,sz399621,深证电信,3318.829,20.81,0.631,3298.019,3306.146,3322.637,3300.843,40130906,1358021609
405,sz399622,深证公用,1753.147,-2.95,-0.168,1756.097,1756.989,1758.641,1751.793,33596358,202902933
406,sz399623,中小基础,8276.322,5.195,0.063,8271.127,8253.875,8278.569,8251.359,766861732,13507274558
407,sz399624,中创400,2179.506,-5.378,-0.246,2184.884,2180.285,2180.821,2174.954,671185640,11892215444
408,sz399625,中创500,2077.314,2.484,0.12,2074.83,2070.013,2077.646,2069.83,946370698,22288482572
409,sz399626,中创成长,1691.314,4.204,0.249,1687.11,1680.85,1691.607,1680.85,301323866,10455202570
410,sz399627,中创价值,2243.123,-7.46,-0.331,2250.583,2246.665,2246.665,2238.373,366943577,5481607137
411,sz399628,700成长,2063.651,-1.198,-0.058,2064.849,2062.301,2065.094,2060.0,217448498,4457404055
412,sz399629,700价值,2567.242,-6.187,-0.24,2573.429,2572.731,2572.731,2564.13,357188562,3686826235
413,sz399630,1000成长,1529.68,3.138,0.206,1526.542,1521.86,1529.848,1521.86,532591713,14738702493
414,sz399631,1000价值,2071.262,-3.014,-0.145,2074.276,2072.977,2072.977,2068.585,799292495,9588800333
415,sz399632,深100EW,5142.152,1.246,0.024,5140.906,5124.499,5143.725,5124.499,366237667,11593847812
416,sz399633,深300EW,5531.481,-6.543,-0.118,5538.024,5526.216,5532.998,5520.296,785206793,20334998392
417,sz399634,中小等权,3839.465,3.715,0.097,3835.75,3826.755,3841.001,3824.937,268222424,7433975680
418,sz399635,创业板EW,1921.497,-4.016,-0.209,1925.513,1919.321,1923.067,1916.638,172333248,7047679997
419,sz399636,深证装备,4752.296,36.545,0.775,4715.751,4715.776,4753.167,4714.874,128809051,5172591492
420,sz399637,深证地产,2319.691,-3.65,-0.157,2323.341,2322.74,2323.292,2313.553,37968860,214231476
421,sz399638,深证环保,6390.618,93.018,1.477,6297.6,6299.523,6390.618,6299.271,81825665,4242365690
422,sz399639,深证大宗,2160.812,19.315,0.902,2141.497,2140.917,2160.906,2140.833,138731489,3663349628
423,sz399640,创业基础,2301.027,1.559,0.068,2299.468,2294.6,2302.171,2294.6,667896015,14536187967
424,sz399641,深证新兴,2312.413,4.805,0.208,2307.608,2301.289,2313.041,2301.205,489183489,15557073002
425,sz399642,中小新兴,2082.302,2.146,0.103,2080.156,2073.062,2083.605,2072.32,256454784,6631206442
426,sz399643,创业新兴,2920.817,7.9,0.271,2912.917,2905.005,2921.955,2905.005,203225723,7816828228
427,sz399644,深证时钟,3959.562,10.802,0.274,3948.76,3950.919,3963.309,3947.906,283859927,4372119371
428,sz399645,100低波,9797.208,11.218,0.115,9785.99,9776.848,9800.714,9776.324,214440308,4255672022
429,sz399646,深消费50,8702.778,27.065,0.312,8675.713,8681.701,8709.854,8678.05,81460659,2075864923
430,sz399647,深医药50,11583.618,-36.478,-0.314,11620.096,11569.395,11618.009,11536.459,45018948,1739223552
431,sz399648,深证GDP,10664.97,4.212,0.04,10660.758,10657.311,10667.941,10648.568,306633333,6844956799
432,sz399649,中小红利,3245.279,2.558,0.079,3242.721,3240.75,3246.937,3231.954,65595802,1170175425
433,sz399650,中小治理,2531.391,1.48,0.059,2529.911,2523.525,2534.065,2521.98,68258033,1501807902
434,sz399651,中小责任,1892.488,0.361,0.019,1892.127,1885.275,1893.626,1884.043,109999259,2362877749
435,sz399652,中创高新,3828.446,-23.375,-0.607,3851.821,3836.83,3841.672,3817.54,80463172,2903514963
436,sz399653,深证龙头,2680.982,12.076,0.452,2668.906,2664.137,2683.073,2664.137,177998813,5407172821
437,sz399654,深证文化,2613.997,-32.739,-1.237,2646.736,2642.482,2643.813,2606.715,323348909,4484529799
438,sz399655,深证绩效,11884.393,-9.928,-0.083,11894.321,11870.008,11891.817,11854.19,108994875,2930579201
439,sz399656,100绩效,6565.092,1.505,0.023,6563.587,6542.311,6567.944,6542.311,366237667,11593847812
440,sz399657,300绩效,6745.813,-6.583,-0.097,6752.396,6737.897,6748.746,6731.089,785206793,20334998392
441,sz399658,中小绩效,4459.622,2.225,0.05,4457.397,4445.404,4461.699,4443.497,268222424,7433975680
442,sz399659,深成指EW,4133.771,-4.742,-0.115,4138.513,4131.988,4134.872,4126.5,1203799672,25705287769
443,sz399660,中创EW,2476.557,1.718,0.069,2474.839,2466.922,2477.625,2466.842,275185058,10396267128
444,sz399661,深证低波,5588.457,-7.519,-0.134,5595.976,5591.234,5591.515,5581.648,284770861,4274697119
445,sz399662,深证高贝,1935.565,3.771,0.195,1931.794,1923.291,1935.756,1923.291,286743695,10782594130
446,sz399663,中小低波,1840.839,-2.861,-0.155,1843.7,1842.173,1842.173,1838.172,160324594,1966205056
447,sz399664,中小高贝,1210.731,2.047,0.169,1208.684,1205.507,1210.765,1205.234,206270884,6275609220
448,sz399665,中创低波,2040.399,-6.296,-0.308,2046.695,2043.473,2043.752,2036.733,439513720,7671908620
449,sz399666,中创高贝,1648.641,-0.116,-0.007,1648.757,1643.69,1649.02,1642.988,426488314,14240829285
450,sz399667,创业板G,3755.997,11.296,0.302,3744.701,3733.278,3758.742,3733.278,102377439,4802425935
451,sz399668,创业板V,3799.623,-9.541,-0.25,3809.164,3802.71,3808.64,3784.51,257416709,4248569848
452,sz399669,深证农业,10806.118,31.546,0.293,10774.572,10781.273,10813.381,10761.316,41789077,1110032627
453,sz399670,深周期50,3646.587,23.235,0.641,3623.352,3614.47,3646.587,3613.996,274575149,7603086561
454,sz399671,深防御50,8614.084,7.52,0.087,8606.564,8598.299,8622.073,8589.395,65716847,2130431312
455,sz399672,深红利50,4279.811,5.207,0.122,4274.604,4281.211,4282.257,4272.127,70361456,1348195380
456,sz399673,创业板50,2372.385,13.588,0.576,2358.797,2353.048,2372.508,2353.048,95259890,4423449509
457,sz399674,深A医药,2475.085,-7.76,-0.313,2482.845,2475.55,2480.778,2467.096,137050981,3053925783
458,sz399675,深互联网,3367.115,-25.809,-0.761,3392.924,3380.223,3384.518,3352.439,422244080,7200955802
459,sz399676,深医药EW,3684.693,-15.293,-0.413,3699.986,3696.409,3696.409,3678.306,137050981,3053925783
460,sz399677,深互联EW,4626.448,-37.234,-0.798,4663.682,4644.161,4650.324,4604.232,422244080,7200955802
461,sz399678,深次新股,738.262,-2.628,-0.355,740.89,738.632,738.779,736.708,33365252,1492652348
462,sz399679,深证200R,5014.667,-6.097,-0.121,5020.764,5012.041,5016.312,5002.898,418969126,8741150580
463,sz399680,深成能源,762.489,-0.576,-0.075,763.065,763.807,763.807,760.588,18543140,180388213
464,sz399681,深成材料,1166.047,5.844,0.504,1160.203,1160.668,1166.182,1159.656,185940713,4276457682
465,sz399682,深成工业,1641.558,15.774,0.97,1625.784,1624.65,1641.597,1624.438,147098127,4707790664
466,sz399683,深成可选,1609.09,5.325,0.332,1603.765,1604.961,1610.664,1604.848,123666829,1816396863
467,sz399684,深成消费,2765.716,7.956,0.288,2757.76,2760.062,2769.428,2751.76,29387832,947901052
468,sz399685,深成医药,2399.862,-6.84,-0.284,2406.702,2396.738,2406.391,2390.141,58765076,1930440849
469,sz399686,深成金融,1857.171,4.732,0.255,1852.439,1848.913,1857.619,1843.974,245338118,2490308052
470,sz399687,深成信息,2979.601,-20.879,-0.696,3000.48,2983.032,2985.096,2972.853,318240766,8059247643
471,sz399688,深成电信,1704.394,11.807,0.698,1692.587,1697.279,1706.102,1696.532,21249545,999503379
472,sz399689,深成公用,915.355,-1.078,-0.118,916.433,917.047,918.227,914.328,27245418,146931907
473,sz399690,中小专利,2622.863,-14.485,-0.549,2637.348,2628.729,2628.729,2618.471,41131200,739918221
474,sz399691,创业专利,2589.482,-9.199,-0.354,2598.681,2589.29,2592.811,2582.17,13413880,613448878
475,sz399692,创业低波,3690.992,-19.457,-0.524,3710.449,3703.538,3705.953,3682.784,247942616,4902434555
476,sz399693,安防产业,4461.292,-16.472,-0.368,4477.764,4458.326,4466.005,4443.92,123745348,2387885867
477,sz399694,创业高贝,3002.159,5.593,0.187,2996.566,2987.671,3002.379,2987.602,118849393,5306313877
478,sz399695,深证节能,2751.289,9.706,0.354,2741.583,2740.541,2751.385,2740.178,169808585,5773734908
479,sz399696,深证创投,2924.205,-0.516,-0.018,2924.721,2918.598,2924.793,2916.298,251931960,3861621886
480,sz399697,中关村60,4215.905,-32.411,-0.763,4248.316,4238.783,4239.09,4206.07,179471072,3672639686
481,sz399698,优势成长,32673.264,-179.502,-0.546,32852.766,32883.098,32883.098,32653.568,14368229,189022413
482,sz399699,金融科技,4005.454,-1.53,-0.038,4006.984,3992.535,4007.624,3986.618,192753879,3916207909
483,sz399701,深证F60,8093.922,16.292,0.202,8077.63,8074.426,8098.865,8069.735,234381031,4456087683
484,sz399702,深证F120,7428.128,9.523,0.128,7418.605,7414.844,7431.843,7410.313,480511046,8911787949
485,sz399703,深证F200,7241.356,8.613,0.119,7232.743,7228.976,7244.429,7226.104,715217187,12953564279
486,sz399704,深证上游,5406.072,45.436,0.848,5360.636,5362.516,5407.477,5360.483,154523678,3291125743
487,sz399705,深证中游,3129.085,10.321,0.331,3118.764,3110.533,3129.558,3109.443,297245649,9325032926
488,sz399706,深证下游,6738.771,-0.899,-0.013,6739.67,6728.514,6744.896,6722.982,211658554,6270526011
489,sz399707,CSSW证券,5413.971,10.368,0.192,5403.603,5390.523,5413.971,5372.982,389991047,3936019141
490,sz399802,500深市,5615.838,-13.227,-0.235,5629.065,5619.144,5619.675,5604.541,516547452,8334507078
491,sz399803,工业4.0,4144.899,-5.018,-0.121,4149.917,4136.482,4148.2,4132.806,123198978,5456614718
492,sz399804,中证体育,1861.705,-36.272,-1.911,1897.977,1887.002,1888.047,1855.922,127103640,2515084904
493,sz399805,互联金融,2949.181,-0.829,-0.028,2950.01,2939.99,2949.823,2933.627,203747590,3201727197
494,sz399806,环境治理,1308.147,1.159,0.089,1306.988,1307.633,1309.087,1307.327,40706978,350705617
495,sz399807,高铁产业,1395.914,-3.907,-0.279,1399.821,1398.652,1399.827,1392.579,105314068,864623841
496,sz399808,中证新能,3245.999,40.814,1.273,3205.185,3205.163,3246.034,3205.148,119996554,5873931393
497,sz399809,保险主题,1815.924,25.842,1.444,1790.082,1786.44,1815.924,1785.068,201720374,2798648749
498,sz399810,CSSW传媒,3017.443,-57.284,-1.863,3074.727,3063.877,3065.831,3006.96,437097491,5515106699
499,sz399811,CSSW电子,3444.223,-35.315,-1.015,3479.538,3446.375,3453.256,3436.566,197841565,6499278153
500,sz399812,养老产业,6842.853,1.243,0.018,6841.61,6838.409,6850.752,6821.067,84445408,2955362921
501,sz399813,中证国安,6158.745,-21.561,-0.349,6180.306,6172.621,6174.255,6152.028,281376733,5843677884
502,sz399814,大农业,1258.897,2.762,0.22,1256.135,1256.784,1258.964,1255.698,51527717,1024825869
503,sz399901,小康指数,5781.274,-11.483,-0.198,5792.757,5770.897,5781.395,5763.864,642442000,8818376901
504,sz399903,中证100,4028.589,8.251,0.205,4020.338,4008.195,4029.287,4007.137,603782500,15457345586
505,sz399905,中证 500,6446.157,-13.083,-0.203,6459.24,6448.756,6448.756,6433.606,1072259100,14113397143
506,sz399913,300 医药,10846.134,-82.899,-0.759,10929.033,10825.39,10872.82,10798.341,30350100,2148470089
507,sz399914,300 金融,5441.867,25.962,0.479,5415.905,5405.266,5441.867,5400.645,439821200,4981649309
508,sz399928,中证能源,2727.295,0.795,0.029,2726.5,2722.132,2727.295,2714.631,130854000,924129661
509,sz399932,中证消费,21070.26,50.276,0.239,21019.984,21020.457,21077.326,20990.725,36187300,1691739792
510,sz399933,中证医药,10671.01,-68.269,-0.636,10739.279,10668.217,10692.826,10628.344,70303100,3216493428
511,sz399934,中证金融,5136.835,23.026,0.45,5113.809,5104.95,5136.835,5100.446,597664200,5918459300
512,sz399935,中证信息,4807.065,-28.177,-0.583,4835.242,4798.555,4815.138,4793.174,310926000,10378637148
513,sz399959,军工指数,1556.537,-3.129,-0.201,1559.666,1557.974,1560.651,1555.956,29363367,735343002
514,sz399965,800地产,4249.397,-5.781,-0.136,4255.178,4253.334,4258.663,4243.555,46620815,309255869
515,sz399966,800非银,5212.188,25.605,0.494,5186.583,5170.633,5212.188,5162.658,331664609,4135917468
516,sz399967,中证军工,11367.322,-32.533,-0.285,11399.855,11386.63,11398.954,11364.981,57166665,1293360515
517,sz399970,移动互联,3376.145,-23.753,-0.699,3399.898,3376.666,3381.262,3365.226,422191631,11769709017
518,sz399971,中证传媒,1301.699,-25.966,-1.956,1327.665,1322.508,1323.246,1297.144,276974401,4221368745
519,sz399972,300深市,5178.862,20.679,0.401,5158.183,5148.899,5180.52,5148.508,395874071,12771618199
520,sz399973,中证国防,1730.311,-1.139,-0.066,1731.45,1730.234,1734.767,1728.658,13095630,431901788
521,sz399974,国企改革,1823.325,-0.77,-0.042,1824.095,1820.567,1823.604,1819.038,408503552,7990548214
522,sz399975,证券公司,708.748,1.341,0.19,707.407,705.715,708.748,703.422,392174639,3951883490
523,sz399976,CS新能车,4096.255,50.532,1.249,4045.723,4040.69,4097.296,4040.69,77832156,4287959954
524,sz399982,500等权,7887.938,-19.743,-0.25,7907.681,7896.74,7896.74,7875.783,1072259100,14113397143
525,sz399983,地产等权,4262.005,-7.479,-0.175,4269.484,4266.402,4271.403,4259.034,15244624,194329269
526,sz399986,中证银行,5811.436,27.256,0.471,5784.18,5782.071,5812.655,5779.859,223812665,1510528982
527,sz399987,中证酒,8691.916,31.304,0.361,8660.612,8673.251,8696.755,8639.571,15132243,1239866793
528,sz399989,中证医疗,10387.893,-116.125,-1.106,10504.018,10392.066,10421.205,10338.728,34086021,2004224193
529,sz399990,煤炭等权,2890.942,7.751,0.269,2883.191,2885.908,2891.634,2884.124,81021353,639729905
530,sz399991,一带一路,2124.996,-1.054,-0.05,2126.05,2123.369,2125.085,2120.852,446371566,4399400845
531,sz399992,CSWD并购,1732.756,-6.005,-0.345,1738.761,1737.889,1738.305,1732.043,82747312,875790426
532,sz399993,CSWD生科,3661.665,-36.963,-0.999,3698.628,3664.969,3672.527,3646.847,44083598,2253438071
533,sz399994,信息安全,1891.704,-7.749,-0.408,1899.453,1893.757,1894.884,1887.146,229669687,4649064402
534,sz399995,基建工程,4798.257,-21.806,-0.452,4820.063,4791.928,4806.809,4775.172,396789092,3201469345
535,sz399996,智能家居,3077.402,-12.768,-0.413,3090.17,3079.847,3081.391,3070.773,217889655,5293902414
536,sz399997,中证白酒,15629.383,69.141,0.444,15560.242,15577.047,15640.739,15530.345,7878856,1100643431
537,sz399998,中证煤炭,2228.858,8.311,0.374,2220.547,2222.761,2229.919,2221.774,81021353,639729905
538,sz980015,,10319.53,-42.281,-0.408,10361.811,10301.925,10348.623,10271.172,41669491,2423976909
539,sz980016,,8204.015,-57.929,-0.701,8261.944,8195.168,8225.47,8163.969,48911727,2709064568
540,sz980028,,10738.426,71.44,0.67,10666.986,10685.234,10745.24,10673.566,35461348,1013006935
541,sz980030,,4891.67,-43.387,-0.879,4935.057,4894.229,4904.381,4885.277,124814985,2967888567
542,sz980032,,13363.893,186.394,1.414,13177.499,13167.363,13363.893,13167.363,47048295,3011038155
